<?xml version="1.0" encoding="UTF-8"?>
<project-private xmlns="http://www.netbeans.org/ns/project-private/1">
    <editor-bookmarks xmlns="http://www.netbeans.org/ns/editor-bookmarks/2" lastBookmarkId="0"/>
    <open-files xmlns="http://www.netbeans.org/ns/projectui-open-files/2">
        <group>
            <file>file:/C:/Users/perez/OneDrive/Documentos/NetBeansProjects/mascott/web/adicionarMascota.jsp</file>
            <file>file:/C:/Users/perez/OneDrive/Documentos/NetBeansProjects/mascott/web/editarPropietario.jsp</file>
            <file>file:/C:/Users/perez/OneDrive/Documentos/NetBeansProjects/mascott/web/adicionarPropietario.jsp</file>
            <file>file:/C:/Users/perez/OneDrive/Documentos/NetBeansProjects/mascott/web/eliminarPropietario.jsp</file>
        </group>
    </open-files>
</project-private>
